oname,name
"Albert-Ludwigs-University Freiburg","University of Freiburg"
"Berlin Institute of Health","No Uni"
"Berlin School of Economics and Law","Berlin School of Economics and Law"
"Bern University of Applied Sciences","No Uni"
"Bielefeld University","Bielefeld University"
"Brandenburg Medical School Theodor Fontane","Brandenburg Medical School Theodor Fontane"
"Braunschweig Institute of Technology and Hannover Medical School","No Uni"
"Cardio-Pulmonary Institute","No Uni"
"Carl von Ossietzky Universität Oldenburg","Carl von Ossietzky University Oldenburg"
"Carl von Ossietzky University","Carl von Ossietzky University Oldenburg"
"Carl von Ossietzky University Oldenburg","Carl von Ossietzky University Oldenburg"
"Catholic University of Eichstätt-Ingolstadt","Catholic University of Eichstätt-Ingolstadt"
"Central Research Institute of Ambulatory Health Care in Germany","No Uni"
"Charité","Charité - Universitätsmedizin Berlin"
"Charite - Universitätsmedizin Berlin","Charité - Universitätsmedizin Berlin"
"Charité - Universitätsmedizin Berlin","Charité - Universitätsmedizin Berlin"
"Charité - Universitätsmedizin Berlin, corporate member of Freie Universität Berlin and Humboldt-Universität zu Berlin","Charité - Universitätsmedizin Berlin"
"Charité - University Medicine Berlin","Charité - Universitätsmedizin Berlin"
"Charité Universitätsmedizin Berlin","Charité - Universitätsmedizin Berlin"
"Charité, Universitätsmedizin Berlin","Charité - Universitätsmedizin Berlin"
"Chemnitz University of Technology","Chemnitz University of Technology"  
"Deggendorf Institute of Technology","Deggendorf Institute of Technology"  
"Dresden University of Technology","Dresden University of Technology"  
"Eberhard-Karls University of Tübingen","University of Tübingen"  
"Eberhard-Karls University Tübingen","University of Tübingen"  
"Faculty of Medicine Carl Gustav Carus","No Uni"  
"Frankfurt University Hospital","No Uni"  
"Free University Berlin","Free University of Berlin"  
"Freiburg University","University of Freiburg"  
"Freie Universität Berlin","Free University of Berlin"  
"Freien Universität Berlin","Free University of Berlin"  
"Friedrich-Alexander-Universität Erlangen-Nürnberg","Friedrich-Alexander University Erlangen-Nürnberg"  
"Friedrich-Alexander-University Erlangen-Nuremberg","Friedrich-Alexander University Erlangen-Nürnberg"  
"Friedrich-Alexander-University Erlangen-Nürnberg","Friedrich-Alexander University Erlangen-Nürnberg"  
"Friedrich-Alexander-University of Erlangen-Nuremberg","Friedrich-Alexander University Erlangen-Nürnberg"  
"Friedrich-Alexander University","Friedrich-Alexander University Erlangen-Nürnberg"  
"Friedrich-Alexander University Erlangen-Nürnberg","Friedrich-Alexander University Erlangen-Nürnberg"  
"Friedrich-Schiller-Universität Jena","Friedrich Schiller University Jena"  
"Friedrich Schiller University Jena","Friedrich Schiller University Jena"  
"Furtwangen University","Furtwangen University"
"Georg-August-Universität","University of Göttingen"
"Georg-August-University","University of Göttingen"
"Georg-August-University Göttingen","University of Göttingen"
"Georg-August University","University of Göttingen"
"German Medical Informatics Initiative","No Uni"
"GMDS e.V.","No Uni"
"Goethe University Frankfurt","Goethe University Frankfurt"
"Hamburg University","University of Hamburg"
"Hannover Medical School","Hannover Medical School"
"Harz University of Applied Sciences","Harz University of Applied Sciences"
"Heidelberg University","Heidelberg University"
"Heidelberg University Hospital","Heidelberg University"
"Heilbronn University","Heilbronn University of Applied Sciences"
"Heilbronn University of Applied Sciences","Heilbronn University of Applied Sciences"
"Heinrich-Heine-Universität Düsseldorf","Heinrich Heine University Düsseldorf"
"Heinrich-Heine-University","Heinrich Heine University Düsseldorf"
"Heinrich-Heine-University Dusseldorf","Heinrich Heine University Düsseldorf"
"Heinrich-Heine-University Düsseldorf","Heinrich Heine University Düsseldorf"
"Heinrich-Heine Universität Düsseldorf","Heinrich Heine University Düsseldorf"
"Heinrich-Heine University Düsseldorf","Heinrich Heine University Düsseldorf"
"Hochschule für Technik und Wirtschaft Berlin","HTW Berlin"
"Hochschule Furtwangen","Furtwangen University"
"Hochschule Hannover - University of Applied Sciences and Arts","Hochschule Hannover"
"Hochschule Heilbronn","Heilbronn University of Applied Sciences"
"Hochschule Mittweida","Mittweida University of Applied Sciences"
"Hochschule Niederrhein - University of Applied Sciences","Hochschule Niederrhein"
"Hochschule Niederrhein, University of Applied Sciences","Hochschule Niederrhein"
"HTW Saar","HTW Saar"
"Humboldt University","Humboldt University of Berlin"
"Jena University","University of Jena"
"Jena University Hospital","University of Jena"
"Johannes-Gutenberg-University","Johannes Gutenberg University Mainz"
"Johannes Gutenberg-Universität Mainz","Johannes Gutenberg University Mainz"
"Johannes Gutenberg University","Johannes Gutenberg University Mainz"
"Johannes Gutenberg University Mainz","Johannes Gutenberg University Mainz"
"Julius-Maximilian University of Würzburg","University of Würzburg"
"Justus-Liebig-University","Justus Liebig University Giessen"
"Justus-Liebig-University Giessen","Justus Liebig University Giessen"
"Justus-Liebig-University of Giessen","Justus Liebig University Giessen"
"Justus-Liebig University","Justus Liebig University Giessen"
"Justus Liebig University","Justus Liebig University Giessen"
"Justus Liebig University Gießen","Justus Liebig University Giessen"
"Katholische Stiftungsfachhochschule München","Catholic University of Applied Sciences Munich"
"Kiel University","Kiel University"
"Kiel University and University Hospital Schleswig-Holstein","Kiel University"
"LangTec","No Uni"
"Leibniz University Hannover","Leibniz University Hannover"
"Leipzig University","Leipzig University"
"Leipzig University Medical Center","Leipzig University"
"LMU Munich","Ludwig Maximilian University of Munich"
"Ludwig-Maximilians-Universität","Ludwig Maximilian University of Munich"
"Ludwig-Maximilians-Universität München","Ludwig Maximilian University of Munich"
"Ludwig-Maximilians-Universität Munich","Ludwig Maximilian University of Munich"
"Ludwig-Maximilians-University","Ludwig Maximilian University of Munich"
"Ludwig-Maximilians-University Munich","Ludwig Maximilian University of Munich"
"Ludwig-Maximilians-University of Munich","Ludwig Maximilian University of Munich"
"Ludwig Maximilian University of Munich","Ludwig Maximilian University of Munich"
"Mainz University Medical Center","Johannes Gutenberg University Mainz"  
"Martin-Luther-University Halle-Wittenberg","Martin Luther University Halle-Wittenberg"  
"Martin Luther University Halle-Wittenberg","Martin Luther University Halle-Wittenberg"  
"Medical Faculty OWL","No Uni"  
"Medical School Hannover","Hannover Medical School"  
"Medical University of Lübeck","University of Lübeck"  
"Medizinische Hochschule Hannover","Hannover Medical School"  
"Medizinische Universitätsklinik Freiburg","University of Freiburg"  
"Mittweida University of Applied Sciences","Mittweida University of Applied Sciences"  
"Munich University Medical Centre","Ludwig Maximilian University of Munich"  
"Neu-Ulm University of Applied Sciences","Neu-Ulm University of Applied Sciences"  
"Niederrhein University of Applied Sciences","Niederrhein University of Applied Sciences"  
"Osnabrück University","Osnabrück University"  
"Osnabrück University of Applied Sciences","Osnabrück University of Applied Sciences"  
"Otto-von-Guericke-Universität Magdeburg","Otto von Guericke University Magdeburg"  
"Otto-von-Guericke-University Magdeburg","Otto von Guericke University Magdeburg"  
"Otto-von-Guericke University Magdeburg","Otto von Guericke University Magdeburg"  
"Otto von Guericke University","Otto von Guericke University Magdeburg"  
"Philipps-Universität","Philipps University Marburg"  
"Philipps-Universität Marburg","Philipps University Marburg"  
"Philipps-University","Philipps University Marburg"  
"Philipps-University Marburg","Philipps University Marburg"  
"Regensburg University Hospital","University of Regensburg"  
"Registerstelle des Epidemiologischen Krebsregisters Niedersachsen","No Uni"  
"Reutlingen University","Reutlingen University"  
"Ruhr-University Bochum","Ruhr University Bochum"  
"Ruprecht-Karls-University Heidelberg","Heidelberg University"  
"RWTH","RWTH Aachen University"  
"RWTH Aachen","RWTH Aachen University"  
"RWTH Aachen University","RWTH Aachen University"  
"RWTH University Aachen","RWTH Aachen University"  
"RWTH University of Technology","RWTH Aachen University"  
"Saarland University","Saarland University"  
"Saarland University Medical Center","Saarland University"
"Sana Fabricius Clinic Remscheid","No Uni"  
"SLK Kliniken Heilbronn GmbH","No Uni"  
"Technical University Dresden","Technische Universität Dresden"  
"Technical University Ilmenau","Technische Universität Ilmenau"  
"Technical University of Applied Sciences Augsburg","Technische Hochschule Augsburg"  
"Technical University of Braunschweig","Technische Universität Braunschweig"  
"Technical University of Darmstadt","Technische Universität Darmstadt"  
"Technical University of Dresden","Technische Universität Dresden"  
"Technical University of Munich","Technische Universität München"  
"Technische Universität","No Uni"  
"Technische Universität Berlin","Technische Universität Berlin"  
"Technische Universität Braunschweig","Technische Universität Braunschweig"  
"Technische Universität Braunschweig and Hannover Medical School","Technische Universität Braunschweig"  
"Technische Universität Dresden","Technische Universität Dresden"  
"Technische Universität München","Technische Universität München"  
"Ulm University","Universität Ulm"  
"Uniklinik Köln","No Uni"  
"Universität des Saarlandes","Saarland University"  
"Universität Greifswald","University of Greifswald"  
"Universität Köln","University of Cologne"  
"Universität Leipzig","Leipzig University"  
"Universität Rostock","University of Rostock"  
"Universität zu Lübeck","University of Lübeck"  
"Universitätsklinikum der RWTH Aachen","RWTH Aachen University"  
"Universitätsklinikum Erlangen","Friedrich-Alexander-Universität Erlangen-Nürnberg"  
"Universitätsklinikum Essen","University of Duisburg-Essen"  
"Universitätsklinikum Freiburg","University of Freiburg"  
"Universitätsklinikum Heidelberg","Heidelberg University"  
"Universitätsmedizin Göttingen","University of Göttingen"  
"Universities of Giessen and Marburg","Justus Liebig University Giessen and Philipps University of Marburg"
"University AS","No Uni"
"University AS Osnabrück","No Uni"
"University Duisburg-Essen","University of Duisburg-Essen"
"University Erlangen","University of Erlangen-Nürnberg"
"University Erlangen-Nuremberg","University of Erlangen-Nürnberg"
"University Erlangen-Nürnberg","University of Erlangen-Nürnberg"
"University Giessen","University of Giessen"
"University Heidelberg","University of Heidelberg"
"University Hospital Aachen","RWTH Aachen University"
"University Hospital Augsburg","University of Augsburg"
"University Hospital Bonn","University of Bonn"
"University Hospital Cologne","University of Cologne"
"University Hospital Erlangen","University of Erlangen-Nürnberg"
"University Hospital Essen","University of Duisburg-Essen"
"University Hospital Frankfurt","No Uni"
"University Hospital Giessen","University of Giessen"
"University Hospital Halle","No Uni"
"University Hospital Heidelberg","University of Heidelberg"
"University Hospital Jena","No Uni"
"University Hospital Marburg","No Uni"
"University Hospital Munich","LMU Munich"
"University Hospital Münster","University of Münster"
"University Hospital of Augsburg","University of Augsburg"
"University Hospital of Freiburg","University of Freiburg"
"University Hospital of Gießen","University of Giessen"
"University Hospital of Münster","University of Münster"
"University Hospital of Saarland","No Uni"
"University Hospital of Würzburg","University of Würzburg"
"University Hospital Regensburg","University of Regensburg"
"University Hospital RWTH Aachen","RWTH Aachen University"
"University Hospital Schleswig-Holstein","No Uni"
"University Hospital Tübingen","University of Tübingen"
"University Hospital Tuebingen","University of Tübingen"
"University Hospital Würzburg","University of Würzburg"
"University Hospital, LMU Munich","LMU Munich"
"University Leipzig","University of Leipzig"
"University Medical Center","No Uni"
"University Medical Center Freiburg","University of Freiburg"
"University Medical Center Goettingen","University of Göttingen"
"University Medical Center Göttingen","University of Göttingen"
"University Medical Center Hamburg-Eppendorf","No Uni"
"University Medical Center Lübeck","No Uni"
"University Medical Center Mainz","No Uni"
"University Medical Center of the Johannes-Gutenberg-University","Johannes Gutenberg University Mainz"
"University Medicine Göttingen, Georg-August University","University of Göttingen"
"University Medicine Greifswald","University of Greifswald"
"University Medicine of Greifswald","University of Greifswald"
"University Münster","University of Münster"
"University of Applied Science Heilbronn","Heilbronn University of Applied Sciences"
"University of Applied Science Osnabrück","Osnabrück University of Applied Sciences"
"University of Applied Science Osnabrueck","Osnabrück University of Applied Sciences"
"University of Applied Sciences","No Uni"
"University of Applied Sciences and Arts","No Uni"
"University of Applied Sciences and Arts Dortmund","Dortmund University of Applied Sciences and Arts"
"University of Applied Sciences Frankfurt am Main","Frankfurt University of Applied Sciences"
"University of Applied Sciences Hannover","Hannover University of Applied Sciences and Arts"
"University of Applied Sciences Münster","Münster University of Applied Sciences"
"University of Applied Sciences Niederrhein","Niederrhein University of Applied Sciences"
"University of Applied Sciences Osnabrück","Osnabrück University of Applied Sciences"
"University of Augsburg","University of Augsburg"
"University of Bielefeld","Bielefeld University"
"University of Bonn","University of Bonn"
"University of Bonn Medical Center","University of Bonn"
"University of Braunschweig","Technical University of Braunschweig"
"University of Braunschweig-Institute of Technology","Technical University of Braunschweig"
"University of Braunschweig-Institute of Technology and Hannover Medical School","Technical University of Braunschweig"
"University of Braunschweig - Institute for Technology and Hannover Medical School","Technical University of Braunschweig"
"University of Braunschweig - Institute of Technology","Technical University of Braunschweig"
"University of Braunschweig - Institute of Technology and Hannover Medical School","Technical University of Braunschweig"
"University of Braunschweig and Hannover Medical School","Technical University of Braunschweig"
"University of Braunschweig, Institute of Technology and Hannover Medical School","Technical University of Braunschweig"
"University of Cologne","University of Cologne"
"University of Cologne and University Hospital Cologne","University of Cologne"
"University of Dortmund","TU Dortmund University"
"University of Duisburg-Essen","University of Duisburg-Essen"
"University of Erlangen","University of Erlangen-Nürnberg"
"University of Erlangen-Nuernberg","University of Erlangen-Nürnberg"
"University of Erlangen-Nurnberg","University of Erlangen-Nürnberg"
"University of Erlangen-Nürnberg","University of Erlangen-Nürnberg"
"University of Essen","University of Duisburg-Essen"  
"University of Freiburg","University of Freiburg"  
"University of Giessen","University of Giessen"  
"University of Gießen","University of Giessen"  
"University of Goettingen","University of Göttingen"  
"University of Göttingen","University of Göttingen"  
"University of Greifswald","University of Greifswald"  
"University of Hannover","University of Hannover"  
"University of Heidelberg","University of Heidelberg"  
"University of Heilbronn","Heilbronn University"  
"University of Köln","University of Cologne"  
"University of Leipzig","University of Leipzig"  
"University of Lübeck","University of Lübeck"  
"University of Luebeck","University of Lübeck"  
"University of Magdeburg","University of Magdeburg"  
"University of Muenster","University of Münster"  
"University of Munich","Ludwig Maximilian University of Munich"  
"University of Münster","University of Münster"  
"University of Oldenburg","University of Oldenburg"  
"University of Osnabrück","University of Osnabrück"  
"University of Potsdam","University of Potsdam"  
"University of Regensburg","University of Regensburg"  
"University of Rostock","University of Rostock"  
"University of Saarland","Saarland University"  
"University of Stuttgart","University of Stuttgart"  
"University of Tübingen","University of Tübingen"  
"University of Ulm","University of Ulm"  
"University of Veterinary Medicine Hannover","University of Veterinary Medicine Hannover"  
"University of Würzburg","University of Würzburg"  
"Westfälische Wilhelms-Universität Münster","University of Münster"  
"Witten/Herdecke University","Witten/Herdecke University"  
"WWU Muenster","University of Münster"  
"WWU Münster","University of Münster"  
"ZAIT-Universität Bremen","No Uni"
"A. Trousseau Hospital","No Uni"
"Aix-Marseille University","Aix-Marseille University"
"Aix Marseille University","Aix-Marseille University"
"AP-HP","No Uni"
"Assistance Publique-Hôpitaux de Paris","No Uni"
"Assistance Publique-Hôpitaux de Paris (AP-HP)","No Uni"
"Avicenne","No Uni"
"Bordeaux University","University of Bordeaux"
"Bourgogne Franche-Comté University","University of Burgundy"
"Broussais Hotel Dieu University","No Uni"
"Catholic Lille University","Université Catholique de Lille"
"Centre de Recherche des Cordeliers","No Uni"
"Centre Hospitalier Sainte-Anne","No Uni"
"Centre Hospitalo-Universitaire de Rennes","No Uni"
"Centre Hospitalo-Universitaire de Saint-Etienne","No Uni"
"CHU de Dijon","No Uni"
"CHU de Nancy","No Uni"
"CHU Lille","No Uni"
"Cnamts","No Uni"
"CNRS","No Uni"
"Cordeliers Research Center","No Uni"
"Dijon University Hospital","No Uni"
"Ecole Centrale de Lille","Centrale Lille"
"ESC Dijon","No Uni"
"ESIEE-Paris","ESIEE Paris"
"ESIEE-Paris, CNAM, Gustave Eiffel University, ESYCOM","Gustave Eiffel University"
"Faculte de Medecine","No Uni"
"Faculté de Médecine","No Uni"
"Faculté de médecine","No Uni"
"Faculté de Médecine - CHU de Lille","No Uni"
"Faculté de médecine Broussais-Hôtel Dieu","No Uni"
"Faculté de Médecine de Grenoble","No Uni"
"Faculté de médecine de Lille","No Uni"
"Faculté de Médecine de Lille-1","No Uni"
"Faculté de Médecine de Nancy","No Uni"
"Faculté de Médecine de Rennes","No Uni"
"Faculté de Médecine Nancy I","No Uni"
"Faculté de Médecine Saint Antoine-UPMC","No Uni"
"Faculté de Pharmacie","No Uni"
"Faculté RTH Laennec","No Uni"
"Faculty of Medicine, Nancy I","No Uni"
"Graduate School of Engineering","No Uni"
"Grenoble-Alpes University","University of Grenoble Alpes"
"Grenoble Polytechnic School","No Uni"
"HEGP","No Uni"
"Henri Mondor","No Uni"
"Hôpital A. Paré","No Uni"
"Hôpital de la Timone","No Uni"
"Hôpital de la Timone Adultes","No Uni"
"Hôpital Européen Georges-Pompidou, Assistance Publique - Hôpitaux de Paris","No Uni"
"Hôpital G. Pompidou","No Uni"
"Hôpital Necker Enfants Malades, Assistance Publique des Hôpitaux de Paris","No Uni"
"Hôpital Pitié-Salpêtrière","No Uni"
"Hôpital Pitié Salpêtrière","No Uni"
"Hôpital Saint Antoine, AP-HP","No Uni"
"Hôpital Tenon","No Uni"
"Hôpital Trousseau","No Uni"
"IMT Atlantique","IMT Atlantique"
"Innovation and Data","No Uni"
"INSA & Université de Rouen","University of Rouen"
"INSA Lyon","Institut National des Sciences Appliquées de Lyon"
"Institut des Sciences de la Communication","No Uni"
"Institut National de Recherche en Informatique et en Automatique","No Uni"
"Institut National des Sciences Appliquées de Lyon","Institut National des Sciences Appliquées de Lyon"
"Institut Polytechnique de Paris","Institut Polytechnique de Paris"
"Intermède La Basse Revachais","No Uni"
"Labex OncoImmunology","No Uni"
"Lille Nord de France University","University of Lille"
"Lille University","University of Lille"
"Lille University Hospital","No Uni"
"LIMICS","No Uni"
"LTSI","No Uni"
"Medical School of Rennes","No Uni"
"Medicine Faculty - Paris 5","No Uni"
"Mission Recherche en Sciences et Technologies de l'Information Médicale","No Uni"
"Montpellier 2 University","University of Montpellier"
"Montpellier University","University of Montpellier"
"Nantes University","University of Nantes"
"National Institute of Applied Sciences","No Uni"
"Nice University","University of Nice"
"Normandie University","University of Rouen Normandie"
"ORPHANET","No Uni"
"Paris-Descartes University","Université Paris Descartes"
"Paris-Saclay University","Université Paris-Saclay"
"Paris Cité University","Université Paris Cité"
"Paris Descartes","Université Paris Descartes"
"Paris Descartes University","Université Paris Descartes"
"Paris Sud University","Université Paris-Sud"
"Paris XIII University","Université Paris 13"
"Paul-Valery University","Université Paul-Valéry"
"Paul-Valéry University","Université Paul-Valéry"
"Paul Valery University","Université Paul-Valéry"
"Pierre and Marie Curie University","Université Pierre et Marie Curie"
"PSL Research University","Université PSL"
"Regional University Hospital of Lille","No Uni"
"Reims Champagne-Ardenne University","University of Reims Champagne-Ardenne"
"Rennes 1 University","University of Rennes 1"
"Rennes University","University of Rennes"
"Rouen University","University of Rouen"
"Rouen University and Hospital","University of Rouen"
"Rouen University Hospital","No Uni"
"Saint Etienne","University of Saint Etienne"
"Saint Etienne University","University of Saint Etienne"
"Search And Rescue team","No Uni"
"Sorbonne Paris Cité","Université Sorbonne Paris Cité"
"Sorbonne Universite","Sorbonne University"
"Sorbonne Université","Sorbonne University"
"Sorbonne Université, Sorbonne Paris Nord","Sorbonne University"
"Sorbonne Université, Univ Paris 13","Sorbonne University"
"Sorbonne Université, Université de Paris Cité","Sorbonne University"
"Sorbonne Université, Université Paris 13","Sorbonne University"
"Sorbonne Université, université Paris 13","Sorbonne University"
"Sorbonne Université, Université Paris 13, Sorbonne Paris Cité","Sorbonne University"
"Sorbonne Université, Université Paris Cité","Sorbonne University"
"Sorbonne Université, Université Sorbonne Paris-Nord","Sorbonne University"
"Sorbonne Université, Université Sorbonne Paris Nord","Sorbonne University"
"Sorbonne Université, University Paris 13","Sorbonne University"
"Sorbonne Université, University Sorbonne Paris-Nord","Sorbonne University"
"Sorbonne Universités","Sorbonne University"
"Sorbonne Universités, UPMC Univ Paris 6, Univ Paris 13, Sorbonne Paris Cité","Sorbonne University"
"Sorbonne Universités, UPMC Université Paris 06","Sorbonne University"
"Sorbonne Universités, UPMC Université Paris 06, Université Paris 13, Sorbonne Paris Cité","Sorbonne University"
"Sorbonne Universites, UPMC University Paris 06","Sorbonne University"
"Sorbonne Universités, UPMC University Paris 06","Sorbonne University"
"Sorbonne Universités, UPMC University Paris 6","Sorbonne University"
"Sorbonne Universités, UPMC University Paris 06, Université Paris 13","Sorbonne University"
"Sorbonne Universités, UPMC University Paris 06, University Paris 13, Sorbonne Paris Cité","Sorbonne University"
"Sorbonne University","Sorbonne University"
"Sorbonne University, University of Paris 13","Sorbonne University"
"St Jacques Hospital, CHU Nantes","No Uni"
"Strasbourg University","University of Strasbourg"
"Supélec","CentraleSupélec"
"TELECOM Bretagne","IMT Atlantique"
"Tenon Hospital","No Uni"
"Tours University Hospital","No Uni"
"UFR Broussais Hôtel-Dieu","No Uni"
"UFR Médecine","No Uni"
"UGA","University of Grenoble Alpes"
"Université-Rennes 1","University of Rennes 1"
"Université de Bretagne Occidentale","University of Brest"
"Universite de la Mediterranee","University of the Mediterranean"
"Université de la Méditerranée","University of the Mediterranean"
"Université de Lille","University of Lille"
"Université de Lille 2","University of Lille"
"Université de Lille II","University of Lille"
"Université de Lille2","University of Lille"
"Université de Lorraine","University of Lorraine"
"Université de Lyon, Université Claude Bernard Lyon 1, ENS Lyon, Université Jean Monnet de Saint-Etienne","University of Lyon"
"Université de Marne-la-Vallée","Gustave Eiffel University"
"Université de Montpellier","University of Montpellier"
"Université de Nice","University of Nice"
"Université de Paris","University of Paris"
"Université de Paris Cité","Université Paris Cité"
"Université de Paris, Sorbonne Université","University of Paris"
"Université de Rennes","University of Rennes"
"Université de Rennes 1","University of Rennes 1"
"Université de Rennes1","University of Rennes 1"
"Universite de Saint Etienne","University of Saint Etienne"
"Université de Technologie de Troyes","University of Technology of Troyes"
"Université de Toulouse-Capitole","University of Toulouse 1 Capitole"
"Université de Tours","University of Tours"
"Université Evry Paris Saclay","Université Paris-Saclay"
"Université Évry Paris Saclay","Université Paris-Saclay"
"Université Jean Monnet","University Jean Monnet"
"Université Joseph Fourier","University of Grenoble Alpes"
"Université Joseph Fourier-Grenoble 1","University of Grenoble Alpes"
"Université Lille","University of Lille"
"Université Lille 2","University of Lille"
"Université Lille 3","University of Lille"
"Université Lille Nord de France","University of Lille"
"Université Lille2","University of Lille"
"Université Lyon 1","University of Lyon"
"Université Montpellier","University of Montpellier"
"Université Montpellier 2","University of Montpellier"
"Université Montpellier II","University of Montpellier"
"Université Paris-Cité","Université Paris Cité"
"Université Paris-Descartes","Université Paris Descartes"
"Université Paris-Descartes, Université Sorbonne Paris Cité","Université Paris Descartes"
"Université Paris-Est Créteil","Université Paris-Est Créteil"
"Université Paris-Saclay","Université Paris-Saclay"
"Université Paris 5","Université Paris Descartes"
"Université Paris 6","Université Pierre et Marie Curie"
"Université Paris 13","Université Paris 13"
"Université Paris 13, Sorbonne Paris Cité","Université Paris 13"
"Université Paris 13, Sorbonne Paris Cité, Université Paris 6","Université Paris 13"
"Université Paris 13, Sorbonne Paris Cité, UPMC Université Paris 6, Sorbonne Universités","Université Paris 13"
"Université Paris 13, Sorbonne Université","Université Paris 13"
"Université Paris 13, UPMC Université Paris 6","Université Paris 13"
"Université Paris Cité","Université Paris Cité"
"Université Paris Descartes","Université Paris Descartes"
"Université Paris Est Créteil","Université Paris-Est Créteil"
"Université Paris Saclay","Université Paris-Saclay"
"Université Paris XIII","Université Paris 13"
"Université Paul-Valéry","Université Paul-Valéry"
"Université Pierre et Marie Curie","Université Pierre et Marie Curie"
"Université Pierre et Marie Curie, Université Paris Descartes","Université Pierre et Marie Curie"
"Université René Descartes","Université Paris Descartes"
"Université Rennes 1","University of Rennes 1"
"Université Rennes1","University of Rennes 1"
"Université Sorbonne-Paris Cité","Université Sorbonne Paris Cité"
"Université Sorbonne Paris-Nord","University Sorbonne Paris Nord"
"Université Sorbonne Paris Nord","University Sorbonne Paris Nord"
"Université Victor Segalen Bordeaux 2","University of Bordeaux"
"University and INSA of Rouen","University of Rouen"
"University Clermont Auvergne","University Clermont Auvergne"
"University Côte d'Azur","University Côte d'Azur"
"University François-Rabelais de Tours","University of Tours"
"University Grenoble Alpes","University of Grenoble Alpes"
"University Hospital of Angers","No Uni"
"University Hospital of Lille","No Uni"
"University Hospital of Montpellier","No Uni"
"University Hospital of Tours","No Uni"
"University Hospitals of Tours","No Uni"
"University Jean-Monnet","University Jean Monnet"
"University Jean Monnet","University Jean Monnet"
"University Lille 2","University of Lille"
"University Lille Nord de France","University of Lille"
"University of Aix-Marseille 2","Aix-Marseille University"
"University of Bordeaux","University of Bordeaux"
"University of Bourgogne","University of Burgundy"
"University of Brest","University of Brest"
"University of Burgundy","University of Burgundy"
"University of Grenoble-Alpes","University of Grenoble Alpes"
"University of Grenoble Alpes","University of Grenoble Alpes"
"University of Lille","University of Lille"
"University of Lille 2","University of Lille"
"University of Lille Nord de France","University of Lille"
"University of Medicine, Lille 2","University of Lille"
"University of Montpellier","University of Montpellier"
"University of Nancy","University of Lorraine"
"University of Nancy2","University of Lorraine"
"University of Nantes","University of Nantes"
"University of Nice","University of Nice"
"University of Paris","University of Paris"
"University of Paris-Sud XI","Université Paris-Sud"
"University of Paris 6","Université Pierre et Marie Curie"
"University of Paris 13","Université Paris 13"
"University of Paris Nord","University Sorbonne Paris Nord"
"University of Picardie","University of Picardie Jules Verne"
"University of Reims Champagne-Ardenne","University of Reims Champagne-Ardenne"
"University of Reims Champagne Ardenne","University of Reims Champagne-Ardenne"
"University of Rennes","University of Rennes"
"University of Rennes 1","University of Rennes 1"
"University of Rennes I","University of Rennes 1"
"University of Rennes1","University of Rennes 1"
"University of Rouen","University of Rouen"
"University of Rouen Normandie","University of Rouen Normandie"
"University of Saint Etienne","University of Saint Etienne"
"University of Saint Etienne Jean Monnet","University Jean Monnet"
"University of Sorbonne Paris Cité","Université Sorbonne Paris Cité"
"University of the Mediterranean","University of the Mediterranean"
"University of Tours","University of Tours"
"University Paris-Saclay","Université Paris-Saclay"
"University Polytechnique Hauts-de-France","Université Polytechnique Hauts-de-France"
"University Sorbonne Paris Nord","University Sorbonne Paris Nord"
"UPMC","Université Pierre et Marie Curie"
"UPMC Université Paris 06","Université Pierre et Marie Curie"
"UPMC University Paris 06","Université Pierre et Marie Curie"
"Vidal","No Uni"
"Arizona State University","Arizona State University"
"Arkansas State University","Arkansas State University"
"Boston University","Boston University"
"Boston University Metropolitan College","Boston University"
"Case Western Reserve University","Case Western Reserve University"
"Center for Biologics Evaluation and Research","No Uni"
"City University of New York","City University of New York"
"Clemson University","Clemson University"
"Columbia University","Columbia University"
"Cornell University","Cornell University"
"Downstate Health Sciences University","State University of New York Downstate Health Sciences University"
"Drexel University","Drexel University"
"Duke University","Duke University"
"Duke University Medical Center","Duke University"
"Duquesne University","Duquesne University"
"Florida State University","Florida State University"
"Fordham University","Fordham University"
"George Mason University","George Mason University"
"Georgetown University","Georgetown University"
"Grand Canyon University","Grand Canyon University"
"Grand Valley State University","Grand Valley State University"
"Harvard Medical School","Harvard University"
"Harvard University","Harvard University"
"IBM","No Uni"
"Icahn School of Medicine at Mount Sinai","No Uni"
"Indiana University","Indiana University"
"Indiana University School of Informatics","Indiana University"
"Indiana University School of Medicine","Indiana University"
"Jacobs School Of Medicine And Biomedical Sciences","University at Buffalo"
"John Hopkins University","Johns Hopkins University"
"Johns Hopkins School of Medicine","Johns Hopkins University"
"Johns Hopkins University","Johns Hopkins University"
"Lehigh University","Lehigh University"
"LLC","No Uni"
"Marshfield Clinic","No Uni"
"Massachusetts Institute of Technology","Massachusetts Institute of Technology"
"Medical University of South Carolina","Medical University of South Carolina"
"New Jersey Institute of Technology","New Jersey Institute of Technology"
"New York State Center of Excellence in Bioinformatics & Life Sciences","No Uni"
"New York University","New York University"
"New York University Grossman School of Medicine","New York University"
"Old Dominion University","Old Dominion University"
"Oregon Health & Science University","Oregon Health & Science University"
"Purdue University Northwest","Purdue University Northwest"
"Rutgers - The State University of New Jersey","Rutgers University"
"Santa Clara University","Santa Clara University"
"Southern Illinois University School of Medicine","Southern Illinois University"
"Stanford University","Stanford University"
"Stanford University School of Medicine","Stanford University"
"State University of New York","State University of New York"
"State University of New York at Oswego","State University of New York"
"State University of New York Downstate Health Sciences University","State University of New York Downstate Health Sciences University"
"State University of New York Downstate Medical Center","State University of New York Downstate Health Sciences University"
"SUNY Downstate Health Sciences University","State University of New York Downstate Health Sciences University"
"Texas Tech University","Texas Tech University"
"The Brooklyn Hospital Center","No Uni"
"The University of Tennessee Health Science Center","University of Tennessee Health Science Center"
"The University of Tennessee Health Science Center - Oak-Ridge National Laboratory","University of Tennessee Health Science Center"
"The University of Texas Health Science Center","University of Texas Health Science Center"
"The University of Texas Health Science Center at Houston","University of Texas Health Science Center at Houston"
"University at Buffalo","University at Buffalo"
"University at Buffalo, SUNY","University at Buffalo"
"University of Alabama at Birmingham","University of Alabama at Birmingham"
"University of Alabama Birmingham","University of Alabama at Birmingham"
"University of Arizona","University of Arizona"
"University of Arkansas","University of Arkansas"
"University of Arkansas at Little Rock","University of Arkansas"
"University of Arkansas for Medical Sciences","University of Arkansas"
"University of Buffalo","University at Buffalo"
"University of California","University of California"
"University of California Berkeley","University of California, Berkeley"
"University of California San Francisco","University of California, San Francisco"
"University of California, Los Angeles","University of California, Los Angeles"
"University of Central Florida","University of Central Florida"
"University of Chicago","University of Chicago"
"University of Cincinnati","University of Cincinnati"
"University of Colorado School of Medicine","University of Colorado"
"University of Florida","University of Florida"
"University of Georgia","University of Georgia"
"University of Kansas","University of Kansas"
"University of Maryland","University of Maryland"
"University of Minnesota","University of Minnesota"
"University of Missouri","University of Missouri"
"University of Missouri-Columbia","University of Missouri"
"University of Nebraska","University of Nebraska"
"University of Nebraska Medical Center","University of Nebraska"
"University of North Carolina","University of North Carolina"
"University of North Carolina-Chapel Hill","University of North Carolina at Chapel Hill"
"University of North Carolina at Chapel Hill","University of North Carolina at Chapel Hill"
"University of North Texas","University of North Texas"
"University of Notre Dame","University of Notre Dame"
"University of Oklahoma","University of Oklahoma"
"University of Pennsylvania","University of Pennsylvania"
"University of Pennsylvania School of Nursing","University of Pennsylvania"
"University of Pittsburgh","University of Pittsburgh"
"University of Pittsburgh School of Medicine","University of Pittsburgh"
"University of South Carolina","University of South Carolina"
"University of South Florida","University of South Florida"
"University of Southern California","University of Southern California"
"University of Tennessee","University of Tennessee"
"University of Tennessee Health Science Center","University of Tennessee Health Science Center"
"University of Tennessee Health Science Center-Oak Ridge National Laboratory Center for Biomedical Informatics","University of Tennessee Health Science Center"
"University of Tennessee Health Science Center - Oak Ridge National Laboratory","University of Tennessee Health Science Center"
"University of Texas at Austin","University of Texas at Austin"
"University of Texas Health Science Center","University of Texas Health Science Center"
"University of Texas Health Science Center at Houston","University of Texas Health Science Center at Houston"
"University of Texas Health Science Center at San Antonio","University of Texas Health Science Center at San Antonio"
"University of Texas Health Science Center San Antonio","University of Texas Health Science Center at San Antonio"
"University of Texas Health Science Center School of Biomedical Informatics","University of Texas Health Science Center"
"University of Texas of Health","University of Texas Health Science Center"
"University of Texas Southwestern Medical Center","University of Texas Southwestern Medical Center"
"University of Texas, Health Science Center at Houston","University of Texas Health Science Center at Houston"
"University of Utah","University of Utah"
"University of Utah School of Medicine","University of Utah"
"University of Victoria","University of Victoria"
"University of Washington","University of Washington"
"Utah State University","Utah State University"
"VA Western New York Healthcare System","No Uni"
"Vanderbilt University","Vanderbilt University"
"Wake Forest University School of Medicine","Wake Forest University"
"Western New York VA","No Uni"
"WNY VA","No Uni"
"Wright State University","Wright State University"
"Yale University","Yale University"
"Aston University","Aston University"
"Brighton and Sussex Medical School","Brighton and Sussex Medical School"
"Brown University","No Uni"
"Brunel University","Brunel University"
"Brunel University London","Brunel University"
"City University","City, University of London"
"City University London","City, University of London"
"City, University of London","City, University of London"
"De Montfort University","De Montfort University"
"Faculty of Science, Engineering and Computing","No Uni"
"Heriot-Watt University","Heriot-Watt University"
"Imperial College","Imperial College London"
"Imperial College London","Imperial College London"
"Imperial College of Science, Technology, and Medicine","Imperial College London"
"Keele University","Keele University"
"King's College London","King's College London"
"King Alfred's University","No Uni"
"Kingston University","Kingston University"
"Kingston University London","Kingston University"
"Lancaster University","Lancaster University"
"Leeds Beckett University","Leeds Beckett University"
"London School of Hygiene & Tropical Medicine","London School of Hygiene & Tropical Medicine"
"London School of Hygiene and Tropical Medicine","London School of Hygiene & Tropical Medicine"
"Manchester Metropolitan University","Manchester Metropolitan University"
"Merck KGaA","No Uni"
"Newcastle University","Newcastle University"
"North Glasgow Hospitals University NHS Trust","No Uni"
"Northumbria University","Northumbria University"
"Nottingham Trent University","Nottingham Trent University"
"Oxford Brookes University","Oxford Brookes University"
"Queen's University Belfast","Queen's University Belfast"
"Queen Mary University of London","Queen Mary University of London"
"Robert Gordon University","Robert Gordon University"
"Royal Holloway, University of London","Royal Holloway, University of London"
"School of Healthcare","No Uni"
"Sheffield Hallam University","Sheffield Hallam University"
"St George's University of London","St George's, University of London"
"St. George's, University of London","St George's, University of London"
"Swansea University","Swansea University"
"The University of Manchester","University of Manchester"
"The University of Nottingham","University of Nottingham"
"University College London","University College London"
"University of Aberdeen","University of Aberdeen"
"University of Birmingham","University of Birmingham"
"University of Bristol","University of Bristol"
"University of Cambridge","University of Cambridge"
"University of Central Lancashire","University of Central Lancashire"
"University of Dundee","University of Dundee"
"University of Edinburgh","University of Edinburgh"
"University of Glamorgan","University of Glamorgan"
"University of Glasgow","University of Glasgow"
"University of Hertfordshire","University of Hertfordshire"
"University of Huddersfield","University of Huddersfield"
"University of Kent","University of Kent"
"University of Leeds","University of Leeds"
"University of Lincoln","University of Lincoln"
"University of London","University of London"
"University of Manchester","University of Manchester"
"University of Manchester Institute of Science and Technology","University of Manchester"
"University of Newcastle","Newcastle University"
"University of Nottingham","University of Nottingham"
"University of Oxford","University of Oxford"
"University of Plymouth","University of Plymouth"
"University of Portsmouth","University of Portsmouth"
"University of Salford","University of Salford"
"University of Sheffield","University of Sheffield"
"University of Southampton","University of Southampton"
"University of St Andrews","University of St Andrews"
"University of Stirling","University of Stirling"
"University of Strathclyde","University of Strathclyde"
"University of Surrey","University of Surrey"
"University of Sussex","University of Sussex"
"University of the West of England","University of the West of England"
"University of Ulster","University of Ulster"
"University of Wales Trinity Saint David","University of Wales Trinity Saint David"
"University of Warwick","University of Warwick"
"University of Wolverhampton","University of Wolverhampton"
"University of York","University of York"
"Bern University of Applied Sciences","Bern University of Applied Sciences"
"Ecole Polytechnique Fédérale de Lausanne","École Polytechnique Fédérale de Lausanne"
"École Polytechnique Fédérale de Lausanne","École Polytechnique Fédérale de Lausanne"
"ETH Zurich","ETH Zurich"
"ETH Zurich and EPFL","ETH Zurich"
"Geneva University Hospitals","University of Geneva"
"Helsinki Institute of Physics","No Uni"
"HES-SO Valais-Wallis","University of Applied Sciences and Arts Western Switzerland"
"Lausanne University","University of Lausanne"
"Lausanne University Hospital","University of Lausanne"
"Merck KGaA","No Uni"
"Swiss Academy of Medical Sciences","No Uni"
"Swiss Federal Institute of Technology in Zurich","ETH Zurich"
"Université de Neuchâtel","Université de Neuchâtel"
"University & Hospitals of Geneva","University of Geneva"
"University and Hospitals of Geneva","University of Geneva"
"University Hospital Basel","University of Basel"
"University Hospital Bern","University of Bern"
"University Hospital Geneva","University of Geneva"
"University Hospital Lausanne","University of Lausanne"
"University Hospital of Geneva","University of Geneva"
"University Hospital Zurich","University of Zurich"
"University Hospitals of Geneva","University of Geneva"
"University of Applied Sciences","No Uni"
"University of Applied Sciences and Arts of Western Switzerland","University of Applied Sciences and Arts Western Switzerland"
"University of Applied Sciences and Arts Western Switzerland","University of Applied Sciences and Arts Western Switzerland"
"University of Applied Sciences of Western Switzerland","University of Applied Sciences and Arts Western Switzerland"
"University of Applied Sciences of Western Switzerland (HES-SO, HEG)","University of Applied Sciences and Arts Western Switzerland"
"University of Applied Sciences Western Switzerland","University of Applied Sciences and Arts Western Switzerland"
"University of Basel","University of Basel"
"University of Bern","University of Bern"
"University of Geneva","University of Geneva"
"University of Geneva and University Hospitals of Geneva","University of Geneva"
"University of Lausanne","University of Lausanne"
"University of St. Gallen","University of St. Gallen"
"University of Zurich","University of Zurich"
"University of Zürich","University of Zurich"
"Alma Mater Studiorum - University of Bologna","University of Bologna"  
"Biostructures and Bioimages Institute","No Uni"  
"Catholic University of the Sacred Heart","Catholic University of the Sacred Heart"  
"Center for Advanced Studies, Research and Development in Sardinia","No Uni"  
"Central Health Directorate","No Uni"  
"European Commission","No Uni"  
"Free University of Bolzano-Bozen","Free University of Bolzano-Bozen"  
"Institute for Research on Population and Social Policies","No Uni"  
"Music Academy Studio Musica","No Uni"  
"National Research Council","No Uni"   
"Politecnico di Milano","Politecnico di Milano"  
"S. Maugeri Foundation","No Uni"  
"Salento University","University of Salento"  
"Università degli Studi di Brescia","University of Brescia"  
"Università degli Studi di Milano","University of Milan"  
"Università degli Studi di Milano-Bicocca","University of Milano-Bicocca"  
"Università degli Studi di Pavia","University of Pavia"  
"Università degli Studi di Pisa","University of Pisa"  
"Università degli Studi di Trieste","University of Trieste"  
"Università di Napoli Federico II","University of Naples Federico II"  
"Università di Pavia","University of Pavia"  
"Università di Roma La Sapienza","Sapienza University of Rome"  
"Università di Trento","University of Trento"  
"Università La Sapienza","Sapienza University of Rome"  
"Universita La Sapienza di Roma","Sapienza University of Rome"  
"Università Roma-La Sapienza","Sapienza University of Rome"  
"University dell'Aquila","University of L'Aquila"  
"University Federico II","University of Naples Federico II"  
"University La Sapienza","Sapienza University of Rome"  
"University La Sapienza of Rome","Sapienza University of Rome"  
"University Magna Grecia","University of Magna Graecia"  
"University of Bari Aldo Moro","University of Bari Aldo Moro"  
"University of Bologna","University of Bologna"  
"University of Calabria","University of Calabria"  
"University of Federico II","University of Naples Federico II"  
"University of Genoa","University of Genoa"  
"University of Genova","University of Genoa"  
"University of L'Aquila","University of L'Aquila"  
"University of Milan","University of Milan"  
"University of Milano","University of Milan"  
"University of Milano-Bicocca","University of Milano-Bicocca"  
"University of Milano Bicocca","University of Milano-Bicocca"  
"University of Naples","University of Naples Federico II"  
"University of Naples 'Federico II'","University of Naples Federico II"  
"University of Naples, Federico II","University of Naples Federico II"  
"University of Padova","University of Padua"  
"University of Padua","University of Padua"  
"University of Pavia","University of Pavia"  
"University of Piemonte Orientale","University of Eastern Piedmont"  
"University of Roma La Sapienza","Sapienza University of Rome"  
"University of Rome","Sapienza University of Rome"  
"University of Rome La Sapienza","Sapienza University of Rome"  
"University of Sapienza","Sapienza University of Rome"  
"University of Trento","University of Trento"  
"University of Trieste","University of Trieste"  
"University of Turin","University of Turin"  
"University of Udine","University of Udine"  
"University of Verona","University of Verona"
"Academic Medical Center","University of Amsterdam"  
"Academic Medical Center-University of Amsterdam","University of Amsterdam"  
"Amsterdam UMC","University of Amsterdam"  
"Amsterdam University of Applied Sciences","Amsterdam University of Applied Sciences"  
"Delft University of Technology","Delft University of Technology"  
"Eindhoven University of Technology","Eindhoven University of Technology"  
"Erasmus MC-University Medical Centre","Erasmus University"  
"Erasmus MC - University Medical Center Rotterdam","Erasmus University"  
"Erasmus MC University Medical Center","Erasmus University"  
"Erasmus University","Erasmus University"  
"Erasmus University Medical Center","Erasmus University"  
"HAN University of Applied Sciences","HAN University of Applied Sciences"  
"Inholland University of Applied Sciences","Inholland University of Applied Sciences"  
"Leiden University","Leiden University"  
"Maastricht University","Maastricht University"  
"Maastricht University Medical Centre+","Maastricht University"  
"Philips Electronics","No Uni"  
"Radboud University","Radboud University"  
"Radboud University Medical Center","Radboud University"  
"Radboud University Medical Center Nijmegen","Radboud University"  
"Radboud University Medical Centre","Radboud University"  
"Saxion University of Applied Sciences","Saxion University of Applied Sciences"  
"Tilburg University","Tilburg University"  
"Universiteit Maastricht","Maastricht University"  
"Universiteit van Amsterdam","University of Amsterdam"  
"University Maastricht","Maastricht University"  
"University Medical Center Utrecht","Utrecht University"  
"University Medical Centre Utrecht","Utrecht University"  
"University Medical Centre Utrecht & Tilburg University","Utrecht University"  
"University of Amsterdam","University of Amsterdam"  
"University of Groningen","University of Groningen"  
"University of Maastricht","Maastricht University"  
"University of Nijmegen","Radboud University"  
"University of Twente","University of Twente"  
"University of Twente, Saxion University of Applied Sciences","University of Twente"  
"University of Utrecht","Utrecht University"  
"Utrecht","Utrecht University"  
"Utrecht University","Utrecht University"  
"Vrije Universiteit","Vrije Universiteit Amsterdam"  
"Vrije Universiteit Amsterdam","Vrije Universiteit Amsterdam"  
"VU University Medical Center","Vrije Universiteit Amsterdam"  
"Windesheim University of Applied Sciences","Windesheim University of Applied Sciences"  